time,Open,High,Low,Close,Volume,spread
2025-11-05 00:00:00+00:00,1.14808,1.14971,1.14777,1.14884,5260,19
2025-11-05 04:00:00+00:00,1.14886,1.14933,1.14842,1.14909,4283,19
2025-11-05 08:00:00+00:00,1.14908,1.14944,1.14804,1.14835,6709,19
2025-11-05 12:00:00+00:00,1.14836,1.1492499999999999,1.14719,1.14725,8346,19
2025-11-05 16:00:00+00:00,1.14726,1.14922,1.14677,1.14795,14417,19
2025-11-05 20:00:00+00:00,1.14798,1.14931,1.14778,1.14909,4305,19
2025-11-06 00:00:00+00:00,1.1491,1.15079,1.1487,1.15063,3044,19
2025-11-06 04:00:00+00:00,1.15062,1.151,1.15021,1.15093,3197,19
2025-11-06 08:00:00+00:00,1.15087,1.1522999999999999,1.15044,1.15126,7876,19
2025-11-06 12:00:00+00:00,1.15125,1.15431,1.15092,1.15347,9652,19
2025-11-06 16:00:00+00:00,1.15348,1.15418,1.15181,1.15398,14345,19
2025-11-06 20:00:00+00:00,1.15399,1.15514,1.15384,1.15457,6111,19
2025-11-07 00:00:00+00:00,1.15458,1.15505,1.15353,1.15371,6488,19
2025-11-07 04:00:00+00:00,1.15372,1.1542,1.15314,1.15331,3152,19
2025-11-07 08:00:00+00:00,1.15334,1.1541299999999999,1.15286,1.15372,6268,19
2025-11-07 12:00:00+00:00,1.15371,1.15687,1.15364,1.15666,9176,19
2025-11-07 16:00:00+00:00,1.15665,1.15901,1.15645,1.15795,12648,19
2025-11-07 20:00:00+00:00,1.15798,1.15826,1.15545,1.15632,6240,19
2025-11-10 00:00:00+00:00,1.15539,1.15594,1.15401,1.15571,6881,19
2025-11-10 04:00:00+00:00,1.1557,1.15656,1.15502,1.1561,4003,19
2025-11-10 08:00:00+00:00,1.15609,1.15821,1.15505,1.15673,7799,19
2025-11-10 12:00:00+00:00,1.15672,1.15769,1.15531,1.1567,7498,19
2025-11-10 16:00:00+00:00,1.1567,1.15675,1.1540300000000001,1.1559599999999999,10515,19
2025-11-10 20:00:00+00:00,1.15597,1.15638,1.15542,1.1556,4320,19
2025-11-11 00:00:00+00:00,1.15537,1.1559300000000001,1.15461,1.15538,3918,19
2025-11-11 04:00:00+00:00,1.15538,1.15642,1.15509,1.15606,3239,19
2025-11-11 08:00:00+00:00,1.15605,1.15675,1.15486,1.15639,7820,19
2025-11-11 12:00:00+00:00,1.15639,1.16049,1.15616,1.15999,9607,19
2025-11-11 16:00:00+00:00,1.16001,1.1604,1.15897,1.1594,10080,19
2025-11-11 20:00:00+00:00,1.15939,1.15946,1.158,1.1581,3925,19
2025-11-12 00:00:00+00:00,1.15809,1.15862,1.15736,1.15744,3825,19
2025-11-12 04:00:00+00:00,1.15744,1.15805,1.1569099999999999,1.15753,3353,19
2025-11-12 08:00:00+00:00,1.1575199999999999,1.1587399999999999,1.15673,1.15692,7107,19
2025-11-12 12:00:00+00:00,1.15693,1.15794,1.15641,1.15711,8284,19
2025-11-12 16:00:00+00:00,1.15711,1.1596899999999999,1.15619,1.1592,11028,19
2025-11-12 20:00:00+00:00,1.15921,1.15934,1.15831,1.15917,4231,19
2025-11-13 00:00:00+00:00,1.15916,1.15933,1.1578,1.15884,5359,19
2025-11-13 04:00:00+00:00,1.15885,1.1592,1.15794,1.15809,3547,19
2025-11-13 08:00:00+00:00,1.15807,1.16339,1.1580300000000001,1.16155,10281,19
2025-11-13 12:00:00+00:00,1.16156,1.1623999999999999,1.16038,1.16195,9032,19
2025-11-13 16:00:00+00:00,1.16194,1.1655,1.16161,1.16502,14993,19
2025-11-13 20:00:00+00:00,1.16499,1.16509,1.1629800000000001,1.16313,7441,19
2025-11-14 00:00:00+00:00,1.16312,1.16382,1.16224,1.16324,5256,19
2025-11-14 04:00:00+00:00,1.16323,1.16474,1.16288,1.16468,4831,19
2025-11-14 08:00:00+00:00,1.16469,1.16477,1.16193,1.16204,11914,19
2025-11-14 12:00:00+00:00,1.16202,1.16528,1.16079,1.16367,13956,19
2025-11-14 16:00:00+00:00,1.16368,1.16374,1.16052,1.16131,16024,19
2025-11-14 20:00:00+00:00,1.16131,1.16226,1.16087,1.16189,6923,19
2025-11-17 00:00:00+00:00,1.1613,1.16235,1.16041,1.16055,4756,19
2025-11-17 04:00:00+00:00,1.16055,1.16056,1.15954,1.15994,4018,19
2025-11-17 08:00:00+00:00,1.15995,1.1614,1.1594,1.16003,7723,19
2025-11-17 12:00:00+00:00,1.16004,1.16071,1.15876,1.15903,8775,19
2025-11-17 16:00:00+00:00,1.15904,1.16009,1.1581,1.15929,10506,19
2025-11-17 20:00:00+00:00,1.15931,1.15944,1.15816,1.15903,6945,19
2025-11-18 00:00:00+00:00,1.15902,1.15932,1.15836,1.15899,3212,19
2025-11-18 04:00:00+00:00,1.1589800000000001,1.16028,1.15872,1.15968,5089,19
2025-11-18 08:00:00+00:00,1.1596899999999999,1.16054,1.1586400000000001,1.15884,9461,19
2025-11-18 12:00:00+00:00,1.15883,1.1601,1.15785,1.15958,9861,19
2025-11-18 16:00:00+00:00,1.15958,1.16068,1.15705,1.15747,15003,19
2025-11-18 20:00:00+00:00,1.15746,1.15862,1.1574200000000001,1.15795,5519,19
2025-11-19 00:00:00+00:00,1.15792,1.1584,1.15717,1.15758,4170,19
2025-11-19 04:00:00+00:00,1.15758,1.15899,1.1571500000000001,1.15881,4476,19
2025-11-19 08:00:00+00:00,1.15879,1.15963,1.15645,1.15721,8818,19
2025-11-19 12:00:00+00:00,1.15723,1.159,1.15666,1.15719,10223,19
2025-11-19 16:00:00+00:00,1.1571799999999999,1.15729,1.15251,1.15321,14747,19
2025-11-19 20:00:00+00:00,1.15322,1.1537600000000001,1.15168,1.15363,8013,19
2025-11-20 00:00:00+00:00,1.15361,1.15411,1.15214,1.15219,4692,19
2025-11-20 04:00:00+00:00,1.15215,1.15226,1.1509,1.15147,4488,19
2025-11-20 08:00:00+00:00,1.15146,1.15269,1.15105,1.15265,8815,19
2025-11-20 12:00:00+00:00,1.15265,1.15389,1.14995,1.15267,13473,19
2025-11-20 16:00:00+00:00,1.15267,1.1549,1.1519,1.15277,19907,19
2025-11-20 20:00:00+00:00,1.15275,1.15397,1.1522999999999999,1.15266,6545,19
2025-11-21 00:00:00+00:00,1.15266,1.15373,1.15181,1.1531500000000001,5208,19
2025-11-21 04:00:00+00:00,1.15318,1.15411,1.15313,1.1534200000000001,4916,19
2025-11-21 08:00:00+00:00,1.15343,1.15516,1.15239,1.15244,12198,19
2025-11-21 12:00:00+00:00,1.15242,1.15261,1.14957,1.15198,14338,19
2025-11-21 16:00:00+00:00,1.15197,1.15225,1.14902,1.15063,17952,19
2025-11-21 20:00:00+00:00,1.15063,1.15198,1.15009,1.1514,7142,19
2025-11-24 00:00:00+00:00,1.15099,1.15136,1.1501000000000001,1.15095,3579,19
2025-11-24 04:00:00+00:00,1.15096,1.15274,1.15094,1.15215,4378,19
2025-11-24 08:00:00+00:00,1.15214,1.15335,1.15088,1.15289,9072,19
2025-11-24 12:00:00+00:00,1.1529,1.15495,1.1529,1.1537600000000001,8951,19
2025-11-24 16:00:00+00:00,1.15375,1.15401,1.15106,1.15171,11614,19
2025-11-24 20:00:00+00:00,1.1517,1.15282,1.15163,1.15195,4936,19
2025-11-25 00:00:00+00:00,1.15189,1.1529,1.15138,1.15247,3845,19
2025-11-25 04:00:00+00:00,1.15248,1.15293,1.15107,1.1516,4073,19
2025-11-25 08:00:00+00:00,1.1515900000000001,1.15357,1.15138,1.15331,8992,19
2025-11-25 12:00:00+00:00,1.15329,1.15613,1.15237,1.15573,13405,19
2025-11-25 16:00:00+00:00,1.15574,1.15831,1.1549,1.15814,17980,19
2025-11-25 20:00:00+00:00,1.15821,1.1585,1.15571,1.15688,7867,19
2025-11-26 00:00:00+00:00,1.15684,1.15822,1.15623,1.15764,5910,19
2025-11-26 04:00:00+00:00,1.15763,1.15907,1.15738,1.15899,6495,19
2025-11-26 08:00:00+00:00,1.159,1.15949,1.15647,1.15709,9144,19
2025-11-26 12:00:00+00:00,1.1571,1.15831,1.15475,1.15514,17254,19
2025-11-26 16:00:00+00:00,1.15514,1.16,1.15461,1.1592,16038,19
2025-11-26 20:00:00+00:00,1.15919,1.15964,1.15883,1.15938,4325,19
2025-11-27 00:00:00+00:00,1.15937,1.16117,1.15823,1.16082,4008,19
2025-11-27 04:00:00+00:00,1.16083,1.16125,1.1599,1.16013,5256,19
2025-11-27 08:00:00+00:00,1.16015,1.16043,1.15756,1.15765,7986,19
2025-11-27 12:00:00+00:00,1.15768,1.1596,1.15761,1.1594,6408,19
2025-11-27 16:00:00+00:00,1.1594,1.16005,1.15894,1.1594,4914,19
2025-11-27 20:00:00+00:00,1.15942,1.1596,1.15903,1.1594,1372,19
2025-11-28 00:00:00+00:00,1.1594,1.1601,1.15806,1.15823,4342,19
2025-11-28 04:00:00+00:00,1.15822,1.15919,1.1579,1.1587399999999999,17662,19
2025-11-28 08:00:00+00:00,1.15875,1.15888,1.1565400000000001,1.15666,35100,19
2025-11-28 12:00:00+00:00,1.15666,1.1577600000000001,1.15541,1.15737,21644,19
2025-11-28 16:00:00+00:00,1.15738,1.16066,1.15703,1.16018,14401,19
2025-11-28 20:00:00+00:00,1.16021,1.16036,1.15948,1.1598600000000001,4407,19
2025-12-01 00:00:00+00:00,1.15926,1.16149,1.15901,1.16041,7452,19
2025-12-01 04:00:00+00:00,1.16041,1.16048,1.15885,1.1596899999999999,5954,19
2025-12-01 08:00:00+00:00,1.15968,1.16226,1.15895,1.16212,12100,19
2025-12-01 12:00:00+00:00,1.1621299999999999,1.16513,1.1618,1.16438,12273,19
2025-12-01 16:00:00+00:00,1.16438,1.16441,1.1616900000000001,1.16197,16147,19
2025-12-01 20:00:00+00:00,1.16198,1.16226,1.16056,1.16083,4959,19
2025-12-02 00:00:00+00:00,1.1608100000000001,1.16102,1.16029,1.16082,2928,19
2025-12-02 04:00:00+00:00,1.1608100000000001,1.16132,1.16062,1.1609,3067,19
2025-12-02 08:00:00+00:00,1.16089,1.16154,1.16013,1.1609,7300,19
2025-12-02 12:00:00+00:00,1.1609099999999999,1.16187,1.15974,1.16167,8541,19
2025-12-02 16:00:00+00:00,1.16168,1.16223,1.15902,1.16063,14710,19
2025-12-02 20:00:00+00:00,1.16063,1.1625,1.1604700000000001,1.16192,6218,19
2025-12-03 00:00:00+00:00,1.16192,1.16367,1.1616,1.1635900000000001,3037,19
2025-12-03 04:00:00+00:00,1.1636,1.16428,1.16345,1.16416,2796,19
2025-12-03 08:00:00+00:00,1.16417,1.1651799999999999,1.16347,1.16446,9624,19
2025-12-03 12:00:00+00:00,1.16448,1.16745,1.16439,1.16654,10346,19
2025-12-03 16:00:00+00:00,1.16655,1.16698,1.16535,1.16677,15464,19
2025-12-03 20:00:00+00:00,1.16677,1.16767,1.16634,1.16696,4701,19
2025-12-04 00:00:00+00:00,1.16693,1.16729,1.1658,1.16623,3214,19
2025-12-04 04:00:00+00:00,1.16623,1.1663000000000001,1.16524,1.16587,4402,19
2025-12-04 08:00:00+00:00,1.16588,1.1681,1.16522,1.16766,9400,19
2025-12-04 12:00:00+00:00,1.16769,1.16799,1.16507,1.16638,10668,19
2025-12-04 16:00:00+00:00,1.16639,1.16759,1.1652,1.16552,13260,19
2025-12-04 20:00:00+00:00,1.16551,1.16588,1.16401,1.16432,5215,19
2025-12-05 00:00:00+00:00,1.16432,1.16527,1.16383,1.16526,2877,19
2025-12-05 04:00:00+00:00,1.16527,1.16582,1.16455,1.16582,3475,19
2025-12-05 08:00:00+00:00,1.16581,1.16709,1.16473,1.16534,7831,19
2025-12-05 12:00:00+00:00,1.16535,1.1656,1.16407,1.16507,9056,19
2025-12-05 16:00:00+00:00,1.16509,1.16592,1.16271,1.16433,14619,19
2025-12-05 20:00:00+00:00,1.16433,1.16477,1.16389,1.16417,5412,19
2025-12-08 00:00:00+00:00,1.16332,1.16523,1.16332,1.1650800000000001,5087,19
2025-12-08 04:00:00+00:00,1.16509,1.16553,1.16477,1.16551,3697,19
2025-12-08 08:00:00+00:00,1.16551,1.16711,1.16471,1.16478,8839,19
2025-12-08 12:00:00+00:00,1.16477,1.16564,1.1644700000000001,1.16474,8916,19
2025-12-08 16:00:00+00:00,1.16473,1.16539,1.16154,1.16381,14665,19
2025-12-08 20:00:00+00:00,1.16381,1.16412,1.16334,1.1636,5165,19
2025-12-09 00:00:00+00:00,1.16354,1.16466,1.16314,1.16462,3110,19
2025-12-09 04:00:00+00:00,1.16462,1.16493,1.16427,1.1648,3980,19
2025-12-09 08:00:00+00:00,1.16478,1.16563,1.16326,1.16514,8025,19
2025-12-09 12:00:00+00:00,1.16513,1.16533,1.16281,1.1633499999999999,9201,19
2025-12-09 16:00:00+00:00,1.16334,1.16402,1.16141,1.16231,14542,19
2025-12-09 20:00:00+00:00,1.16231,1.16311,1.16159,1.16253,4765,19
2025-12-10 00:00:00+00:00,1.16261,1.16278,1.16192,1.16228,2886,19
2025-12-10 04:00:00+00:00,1.16228,1.163,1.16207,1.16288,3029,19
2025-12-10 08:00:00+00:00,1.16288,1.16568,1.16277,1.16355,7718,19
2025-12-10 12:00:00+00:00,1.16354,1.16413,1.16265,1.16391,8598,19
2025-12-10 16:00:00+00:00,1.16392,1.16593,1.16329,1.1657899999999999,11514,19
2025-12-10 20:00:00+00:00,1.16577,1.16987,1.16416,1.16939,24353,19
2025-12-11 00:00:00+00:00,1.16934,1.17064,1.16805,1.17007,4902,19
2025-12-11 04:00:00+00:00,1.17008,1.17052,1.16836,1.16845,4981,19
2025-12-11 08:00:00+00:00,1.16848,1.17057,1.1681300000000001,1.17011,8101,19
2025-12-11 12:00:00+00:00,1.17012,1.17355,1.1698,1.17301,10650,19
2025-12-11 16:00:00+00:00,1.17299,1.17617,1.17293,1.17542,15249,19
2025-12-11 20:00:00+00:00,1.1754,1.17584,1.17355,1.17365,5838,19
2025-12-12 00:00:00+00:00,1.17366,1.17453,1.17315,1.17339,4041,19
2025-12-12 04:00:00+00:00,1.17339,1.17384,1.17303,1.17377,3377,19
2025-12-12 08:00:00+00:00,1.17376,1.17424,1.17259,1.17319,8497,19
2025-12-12 12:00:00+00:00,1.17318,1.17342,1.1718600000000001,1.17264,7317,19
2025-12-12 16:00:00+00:00,1.17263,1.17471,1.17222,1.1746699999999999,12651,19
2025-12-12 20:00:00+00:00,1.17468,1.17488,1.17343,1.17389,6197,19
2025-12-15 00:00:00+00:00,1.17352,1.17414,1.1727,1.17405,3325,19
2025-12-15 04:00:00+00:00,1.17403,1.17439,1.17309,1.17334,5019,19
2025-12-15 08:00:00+00:00,1.17334,1.17426,1.17255,1.17423,8492,19
2025-12-15 12:00:00+00:00,1.17422,1.1758899999999999,1.17382,1.17466,7115,19
2025-12-15 16:00:00+00:00,1.17465,1.17679,1.17431,1.17449,13577,19
2025-12-15 20:00:00+00:00,1.17448,1.17529,1.17373,1.17513,4260,19
2025-12-16 00:00:00+00:00,1.17512,1.1757,1.17423,1.17508,5009,19
2025-12-16 04:00:00+00:00,1.17509,1.17582,1.17483,1.17495,3727,19
2025-12-16 08:00:00+00:00,1.17494,1.17631,1.17435,1.17551,7946,19
2025-12-16 12:00:00+00:00,1.17551,1.17939,1.17507,1.17747,14426,19
2025-12-16 16:00:00+00:00,1.17748,1.18032,1.17602,1.17629,17421,19
2025-12-16 20:00:00+00:00,1.17628,1.17629,1.1734,1.17454,8389,19
2025-12-17 00:00:00+00:00,1.17453,1.17513,1.17424,1.17463,3233,19
2025-12-17 04:00:00+00:00,1.17463,1.1747,1.17239,1.17281,4579,19
2025-12-17 08:00:00+00:00,1.17282,1.17297,1.17022,1.1715,11008,19
2025-12-17 12:00:00+00:00,1.17149,1.17323,1.17068,1.17309,11381,19
2025-12-17 16:00:00+00:00,1.1731,1.17572,1.17272,1.17484,14802,19
2025-12-17 20:00:00+00:00,1.17485,1.17547,1.17376,1.17387,5704,19
2025-12-18 00:00:00+00:00,1.17386,1.17447,1.17338,1.17376,3391,19
2025-12-18 04:00:00+00:00,1.17377,1.17459,1.17359,1.1745,3417,19
2025-12-18 08:00:00+00:00,1.17449,1.17486,1.1716199999999999,1.1721,8048,19
2025-12-18 12:00:00+00:00,1.17207,1.17618,1.17116,1.17458,14585,19
2025-12-18 16:00:00+00:00,1.1745700000000001,1.17547,1.17142,1.17179,19047,19
2025-12-18 20:00:00+00:00,1.1718,1.17268,1.17144,1.17194,5220,19
2025-12-19 00:00:00+00:00,1.17202,1.17278,1.17126,1.17234,3970,19
2025-12-19 04:00:00+00:00,1.17234,1.17276,1.17147,1.1719,3958,19
2025-12-19 08:00:00+00:00,1.1719,1.17206,1.17024,1.17113,9413,19
2025-12-19 12:00:00+00:00,1.17113,1.17185,1.17016,1.17183,8409,19
2025-12-19 16:00:00+00:00,1.17184,1.1736900000000001,1.17075,1.17184,12253,19
2025-12-19 20:00:00+00:00,1.17183,1.17263,1.17049,1.17083,5382,19
2025-12-22 00:00:00+00:00,1.17137,1.17184,1.17051,1.17163,6375,19
2025-12-22 04:00:00+00:00,1.17164,1.17211,1.17126,1.17164,2507,19
2025-12-22 08:00:00+00:00,1.17164,1.17373,1.17119,1.17291,6612,19
2025-12-22 12:00:00+00:00,1.17291,1.17535,1.17279,1.17497,8759,19
2025-12-22 16:00:00+00:00,1.17498,1.1768399999999999,1.1743999999999999,1.17572,9191,19
2025-12-22 20:00:00+00:00,1.17571,1.1761300000000001,1.17479,1.17594,3729,19
2025-12-23 00:00:00+00:00,1.17596,1.17751,1.1748,1.1772,4004,19
2025-12-23 04:00:00+00:00,1.17722,1.17795,1.17716,1.17741,4517,19
2025-12-23 08:00:00+00:00,1.1774,1.1792,1.17675,1.17917,8774,19
2025-12-23 12:00:00+00:00,1.17917,1.18011,1.17733,1.17738,10011,19
2025-12-23 16:00:00+00:00,1.17738,1.17794,1.1763,1.17699,10968,19
2025-12-23 20:00:00+00:00,1.17699,1.17959,1.17686,1.17933,4083,19
2025-12-24 00:00:00+00:00,1.17931,1.18054,1.17826,1.18041,4112,19
2025-12-24 04:00:00+00:00,1.18042,1.1807,1.17849,1.17981,4070,19
2025-12-24 08:00:00+00:00,1.17981,1.18029,1.17788,1.17987,7398,19
2025-12-24 12:00:00+00:00,1.17985,1.1799,1.17828,1.17843,7826,19
2025-12-24 16:00:00+00:00,1.17838,1.17859,1.17716,1.17757,9372,19
2025-12-26 08:00:00+00:00,1.1785,1.17868,1.17654,1.17692,7576,19
2025-12-26 12:00:00+00:00,1.17685,1.17958,1.17681,1.17904,7790,19
2025-12-26 16:00:00+00:00,1.17907,1.17934,1.17606,1.17692,9302,19
2025-12-26 20:00:00+00:00,1.17693,1.17807,1.17648,1.17697,6354,19
2025-12-29 00:00:00+00:00,1.17618,1.17853,1.17587,1.17832,4637,19
2025-12-29 04:00:00+00:00,1.17832,1.17843,1.17529,1.17551,4284,19
2025-12-29 08:00:00+00:00,1.17553,1.17881,1.17534,1.17754,9110,19
2025-12-29 12:00:00+00:00,1.17753,1.17792,1.17547,1.17688,10005,19
2025-12-29 16:00:00+00:00,1.17683,1.17878,1.17485,1.17511,13163,19
2025-12-29 20:00:00+00:00,1.1751,1.17737,1.17497,1.1771099999999999,4043,19
2025-12-30 00:00:00+00:00,1.17705,1.17744,1.17595,1.1774,3881,19
2025-12-30 04:00:00+00:00,1.17741,1.17781,1.17695,1.17742,2916,19
2025-12-30 08:00:00+00:00,1.17741,1.17788,1.17633,1.1768,6884,19
2025-12-30 12:00:00+00:00,1.17679,1.17764,1.17544,1.17624,8445,19
2025-12-30 16:00:00+00:00,1.17624,1.17657,1.17443,1.1755,10342,19
2025-12-30 20:00:00+00:00,1.1755,1.17584,1.17424,1.1746699999999999,3646,19
2025-12-31 00:00:00+00:00,1.17459,1.1748,1.17407,1.17416,1931,19
2025-12-31 04:00:00+00:00,1.17415,1.17426,1.17321,1.17375,2863,19
2025-12-31 08:00:00+00:00,1.17376,1.17389,1.17191,1.17341,6489,19
2025-12-31 12:00:00+00:00,1.17341,1.17584,1.17277,1.17409,10305,19
2025-12-31 16:00:00+00:00,1.17408,1.17478,1.17193,1.17349,14596,19
2026-01-02 08:00:00+00:00,1.17503,1.17504,1.17197,1.17205,8534,19
2026-01-02 12:00:00+00:00,1.17206,1.1728,1.17123,1.17205,8338,19
2026-01-02 16:00:00+00:00,1.17207,1.17535,1.17148,1.17297,12963,19
2026-01-02 20:00:00+00:00,1.17298,1.17302,1.17133,1.1718899999999999,5410,19
2026-01-05 00:00:00+00:00,1.17174,1.17204,1.16988,1.16993,6192,19
2026-01-05 04:00:00+00:00,1.16994,1.1700599999999999,1.16712,1.16844,5662,19
2026-01-05 08:00:00+00:00,1.16843,1.16939,1.16728,1.16815,8521,19
2026-01-05 12:00:00+00:00,1.1681300000000001,1.169,1.1658,1.1673499999999999,10991,19
2026-01-05 16:00:00+00:00,1.16736,1.17188,1.16722,1.17135,14966,19
2026-01-05 20:00:00+00:00,1.17135,1.17279,1.1712500000000001,1.172,5256,19
2026-01-06 00:00:00+00:00,1.17198,1.17244,1.17096,1.17244,3699,19
2026-01-06 04:00:00+00:00,1.17246,1.17372,1.17212,1.17277,4808,19
2026-01-06 08:00:00+00:00,1.17278,1.17419,1.1707,1.17123,9448,19
2026-01-06 12:00:00+00:00,1.17123,1.17163,1.16962,1.1710099999999999,9232,19
2026-01-06 16:00:00+00:00,1.17103,1.17167,1.1683,1.16997,13642,19
2026-01-06 20:00:00+00:00,1.16997,1.17012,1.16829,1.16873,4973,19
2026-01-07 00:00:00+00:00,1.16869,1.16995,1.16829,1.16948,3455,19
2026-01-07 04:00:00+00:00,1.16947,1.17017,1.16897,1.16921,4323,19
2026-01-07 08:00:00+00:00,1.16922,1.16987,1.16719,1.16833,7982,19
2026-01-07 12:00:00+00:00,1.16833,1.16938,1.16802,1.16906,8651,20
2026-01-07 16:00:00+00:00,1.16905,1.16977,1.1679,1.1687,14816,20
2026-01-07 20:00:00+00:00,1.16869,1.16894,1.1672500000000001,1.1672500000000001,4727,20
2026-01-08 00:00:00+00:00,1.16721,1.16771,1.16713,1.16738,2127,20
2026-01-08 04:00:00+00:00,1.16739,1.16819,1.16716,1.16815,3631,20
2026-01-08 08:00:00+00:00,1.16814,1.16821,1.1668,1.16758,8067,20
2026-01-08 12:00:00+00:00,1.16758,1.1681,1.16573,1.16619,8006,20
2026-01-08 16:00:00+00:00,1.16617,1.16729,1.16427,1.16498,11808,20
2026-01-08 20:00:00+00:00,1.16497,1.16616,1.16416,1.16584,4788,20
2026-01-09 00:00:00+00:00,1.1657899999999999,1.16612,1.16455,1.1648100000000001,3082,20
2026-01-09 04:00:00+00:00,1.16482,1.16582,1.16451,1.16502,3836,20
2026-01-09 08:00:00+00:00,1.16501,1.16521,1.16391,1.16414,6799,20
2026-01-09 12:00:00+00:00,1.16414,1.16597,1.16244,1.16443,12298,20
2026-01-09 16:00:00+00:00,1.16444,1.16515,1.16171,1.16307,19011,20
2026-01-09 20:00:00+00:00,1.16308,1.16389,1.16285,1.16321,4360,20
2026-01-12 00:00:00+00:00,1.16261,1.16704,1.16205,1.16551,7279,20
2026-01-12 04:00:00+00:00,1.16552,1.16702,1.1652,1.16683,4768,20
2026-01-12 08:00:00+00:00,1.16681,1.16948,1.16631,1.16808,9903,20
2026-01-12 12:00:00+00:00,1.16807,1.16976,1.16747,1.16919,9055,20
2026-01-12 16:00:00+00:00,1.1691799999999999,1.16919,1.1665,1.16676,12386,20
2026-01-12 20:00:00+00:00,1.16676,1.16728,1.16621,1.16656,3519,20
2026-01-13 00:00:00+00:00,1.16652,1.16698,1.16554,1.16575,3595,20
2026-01-13 04:00:00+00:00,1.16575,1.16666,1.16556,1.16618,3511,20
2026-01-13 08:00:00+00:00,1.16619,1.16718,1.16528,1.1671,7294,20
2026-01-13 12:00:00+00:00,1.16711,1.16766,1.16492,1.1667399999999999,10361,20
2026-01-13 16:00:00+00:00,1.16673,1.16724,1.16332,1.16451,13680,20
2026-01-13 20:00:00+00:00,1.16452,1.16536,1.16397,1.16412,4912,20
2026-01-14 00:00:00+00:00,1.1641,1.16446,1.16357,1.16371,2471,20
2026-01-14 04:00:00+00:00,1.16371,1.1648,1.16352,1.16409,2766,20
2026-01-14 08:00:00+00:00,1.1641,1.16528,1.16401,1.16509,6896,20
2026-01-14 12:00:00+00:00,1.1651,1.1659,1.16429,1.16491,9932,20
2026-01-14 16:00:00+00:00,1.16489,1.16607,1.16446,1.16458,13722,20
2026-01-14 20:00:00+00:00,1.1645699999999999,1.16468,1.16344,1.1643,5571,20
2026-01-15 00:00:00+00:00,1.16427,1.1646,1.16322,1.16377,3468,20
2026-01-15 04:00:00+00:00,1.16376,1.16406,1.16326,1.16343,3658,20
2026-01-15 08:00:00+00:00,1.16345,1.16389,1.16251,1.16348,7208,20
2026-01-15 12:00:00+00:00,1.16348,1.16401,1.15979,1.16005,9294,20
2026-01-15 16:00:00+00:00,1.16003,1.16128,1.15921,1.1608,11911,20
2026-01-15 20:00:00+00:00,1.1608,1.16165,1.1602000000000001,1.16071,4848,20
2026-01-16 00:00:00+00:00,1.16069,1.16092,1.16006,1.1606,2497,20
2026-01-16 04:00:00+00:00,1.16061,1.16133,1.16049,1.1605699999999999,3240,20
2026-01-16 08:00:00+00:00,1.16056,1.16143,1.16033,1.16074,5811,20
2026-01-16 12:00:00+00:00,1.16075,1.16225,1.16073,1.16176,7051,20
2026-01-16 16:00:00+00:00,1.16178,1.1626400000000001,1.15835,1.15947,15302,20
2026-01-16 20:00:00+00:00,1.15946,1.16013,1.15884,1.15978,4698,20
2026-01-19 00:00:00+00:00,1.1581,1.1637,1.15763,1.16217,11513,20
2026-01-19 04:00:00+00:00,1.16218,1.16366,1.16147,1.16265,5475,20
2026-01-19 08:00:00+00:00,1.16265,1.16405,1.16102,1.16233,8496,20
2026-01-19 12:00:00+00:00,1.16233,1.16346,1.16192,1.1631,6710,20
2026-01-19 16:00:00+00:00,1.16305,1.16464,1.16293,1.1645,6673,20
2026-01-19 20:00:00+00:00,1.16449,1.16478,1.16408,1.16442,1416,20
2026-01-20 00:00:00+00:00,1.16442,1.16462,1.16316,1.16428,3389,20
2026-01-20 04:00:00+00:00,1.16429,1.16716,1.16395,1.16622,4253,20
2026-01-20 08:00:00+00:00,1.16621,1.1732,1.16612,1.17252,15384,20
2026-01-20 12:00:00+00:00,1.17252,1.1768,1.17144,1.17325,17260,20
2026-01-20 16:00:00+00:00,1.17321,1.17418,1.17143,1.17305,18736,20
2026-01-20 20:00:00+00:00,1.17304,1.17331,1.17099,1.17233,6332,20
2026-01-21 00:00:00+00:00,1.17231,1.17334,1.17146,1.1728,3571,20
2026-01-21 04:00:00+00:00,1.1728,1.1730800000000001,1.17095,1.17164,5150,20
2026-01-21 08:00:00+00:00,1.17166,1.17244,1.17003,1.17026,8474,20
2026-01-21 12:00:00+00:00,1.17025,1.17421,1.17004,1.17386,9049,20
2026-01-21 16:00:00+00:00,1.17386,1.17397,1.16937,1.17018,19870,20
2026-01-21 20:00:00+00:00,1.17018,1.17044,1.16753,1.16808,9632,20
2026-01-22 00:00:00+00:00,1.16804,1.16892,1.1669,1.16879,3977,20
2026-01-22 04:00:00+00:00,1.16877,1.16963,1.1682299999999999,1.1687400000000001,3515,20
2026-01-22 08:00:00+00:00,1.16876,1.16965,1.16832,1.16916,8168,20
2026-01-22 12:00:00+00:00,1.1691799999999999,1.17177,1.1685699999999999,1.1712799999999999,10125,20
2026-01-22 16:00:00+00:00,1.17129,1.17497,1.17099,1.17455,13557,20
2026-01-22 20:00:00+00:00,1.17454,1.17553,1.17403,1.17535,4420,20
2026-01-23 00:00:00+00:00,1.17531,1.17582,1.17451,1.17484,4055,20
2026-01-23 04:00:00+00:00,1.17483,1.1753,1.17421,1.17499,3975,20
2026-01-23 08:00:00+00:00,1.175,1.1751800000000001,1.1727400000000001,1.17344,13274,20
2026-01-23 12:00:00+00:00,1.1734499999999999,1.17463,1.1729,1.17331,7074,20
2026-01-23 16:00:00+00:00,1.17333,1.1798,1.1731,1.17934,15029,20
2026-01-23 20:00:00+00:00,1.17933,1.18327,1.17763,1.1826,11626,20
2026-01-26 00:00:00+00:00,1.18626,1.18969,1.18434,1.18568,14561,20
2026-01-26 04:00:00+00:00,1.18567,1.1875499999999999,1.18545,1.1864,9800,20
2026-01-26 08:00:00+00:00,1.1864,1.18666,1.1835499999999999,1.18627,16297,20
2026-01-26 12:00:00+00:00,1.1863,1.18643,1.1834,1.18549,11544,20
2026-01-26 16:00:00+00:00,1.1855,1.19061,1.18516,1.1877900000000001,16593,20
2026-01-26 20:00:00+00:00,1.1878,1.18894,1.18696,1.18793,9498,20
2026-01-27 00:00:00+00:00,1.18789,1.1881599999999999,1.18686,1.18777,6235,20
2026-01-27 04:00:00+00:00,1.18776,1.18985,1.18691,1.18759,6890,20
2026-01-27 08:00:00+00:00,1.1876,1.18889,1.18494,1.18881,10696,20
2026-01-27 12:00:00+00:00,1.1888,1.19377,1.1873,1.19224,18637,20
2026-01-27 16:00:00+00:00,1.1922,1.19892,1.19174,1.1978900000000001,23935,20
2026-01-27 20:00:00+00:00,1.1979,1.2081,1.19702,1.20369,19844,20
2026-01-28 00:00:00+00:00,1.20361,1.20434,1.19917,1.19919,9425,20
2026-01-28 04:00:00+00:00,1.19918,1.2004,1.1974,1.19961,7579,20
2026-01-28 08:00:00+00:00,1.19961,1.20248,1.19696,1.19859,15778,20
2026-01-28 12:00:00+00:00,1.1985999999999999,1.19941,1.19509,1.19566,13072,20
2026-01-28 16:00:00+00:00,1.19568,1.19766,1.19175,1.19401,24816,20
2026-01-28 20:00:00+00:00,1.19401,1.1953,1.18946,1.19526,18269,20
2026-01-29 00:00:00+00:00,1.19524,1.19842,1.19499,1.19604,9070,20
2026-01-29 04:00:00+00:00,1.19603,1.19926,1.19522,1.19802,8830,20
2026-01-29 08:00:00+00:00,1.19801,1.19954,1.19506,1.1954799999999999,14680,20
2026-01-29 12:00:00+00:00,1.1955,1.19699,1.19371,1.19552,14789,20
2026-01-29 16:00:00+00:00,1.19553,1.19715,1.1905000000000001,1.19544,37103,20
2026-01-29 20:00:00+00:00,1.1954500000000001,1.19705,1.19449,1.19695,11273,20
2026-01-30 00:00:00+00:00,1.19695,1.19736,1.19131,1.1916,11948,20
2026-01-30 04:00:00+00:00,1.19159,1.19342,1.1894,1.19237,15473,20
2026-01-30 08:00:00+00:00,1.19239,1.19418,1.18974,1.19074,20927,20
2026-01-30 12:00:00+00:00,1.1907,1.19537,1.19008,1.19116,18865,20
2026-01-30 16:00:00+00:00,1.19117,1.19202,1.18656,1.18714,29754,20
2026-01-30 20:00:00+00:00,1.18714,1.18839,1.1849,1.1850100000000001,18089,20
2026-02-02 00:00:00+00:00,1.18482,1.18738,1.18385,1.18697,15835,20
2026-02-02 04:00:00+00:00,1.18703,1.18738,1.18399,1.18498,12466,20
2026-02-02 08:00:00+00:00,1.18498,1.18656,1.18423,1.18614,18650,20
2026-02-02 12:00:00+00:00,1.18613,1.18704,1.18171,1.18199,15391,20
2026-02-02 16:00:00+00:00,1.18198,1.1829,1.17895,1.17991,25319,20
2026-02-02 20:00:00+00:00,1.17992,1.18002,1.1775,1.1789399999999999,9117,20
2026-02-03 00:00:00+00:00,1.17892,1.18139,1.17809,1.18131,5854,20
2026-02-03 04:00:00+00:00,1.1813,1.18156,1.17998,1.18078,6335,20
2026-02-03 08:00:00+00:00,1.18079,1.18236,1.17911,1.17911,12140,20
2026-02-03 12:00:00+00:00,1.17913,1.18057,1.17816,1.17951,9296,20
2026-02-03 16:00:00+00:00,1.17951,1.18279,1.17792,1.18153,17390,20
2026-02-03 20:00:00+00:00,1.18152,1.18243,1.18049,1.18153,8157,20
2026-02-04 00:00:00+00:00,1.18144,1.18309,1.18078,1.1825,5268,20
2026-02-04 04:00:00+00:00,1.1825,1.18352,1.18179,1.18319,4618,20
2026-02-04 08:00:00+00:00,1.18322,1.1837,1.1810100000000001,1.18127,8668,20
2026-02-04 12:00:00+00:00,1.18124,1.18258,1.18037,1.18214,9610,20
2026-02-04 16:00:00+00:00,1.18215,1.18247,1.17895,1.17967,19709,20
2026-02-04 20:00:00+00:00,1.17966,1.18086,1.17935,1.18058,6647,20
2026-02-05 00:00:00+00:00,1.18059,1.18073,1.17987,1.18028,3534,20
2026-02-05 04:00:00+00:00,1.1803,1.18044,1.17818,1.1789,6583,20
2026-02-05 08:00:00+00:00,1.17892,1.18078,1.17793,1.17797,9372,20
2026-02-05 12:00:00+00:00,1.17797,1.18144,1.17795,1.18108,14705,20
2026-02-05 16:00:00+00:00,1.18107,1.18208,1.17809,1.18,22509,20
2026-02-05 20:00:00+00:00,1.18,1.18018,1.17739,1.17759,6180,20
2026-02-06 00:00:00+00:00,1.17757,1.17873,1.17645,1.17844,5559,20
2026-02-06 04:00:00+00:00,1.17843,1.18003,1.17838,1.17973,3850,20
2026-02-06 08:00:00+00:00,1.17972,1.18008,1.17847,1.1791,8095,20
2026-02-06 12:00:00+00:00,1.17909,1.18102,1.17847,1.18095,7082,20
2026-02-06 16:00:00+00:00,1.18094,1.18252,1.18042,1.1817,12518,20
2026-02-06 20:00:00+00:00,1.1817,1.18231,1.18121,1.18133,3947,20
2026-02-09 00:00:00+00:00,1.18086,1.18326,1.18086,1.18245,7240,20
2026-02-09 04:00:00+00:00,1.18243,1.18353,1.18149,1.18323,3694,20
2026-02-09 08:00:00+00:00,1.18322,1.18687,1.18321,1.18613,10724,20
2026-02-09 12:00:00+00:00,1.18612,1.19047,1.18541,1.19027,11870,20
2026-02-09 16:00:00+00:00,1.19028,1.19257,1.18919,1.19076,15422,20
2026-02-09 20:00:00+00:00,1.19079,1.19213,1.19026,1.19114,5249,20
2026-02-10 00:00:00+00:00,1.19114,1.19135,1.18956,1.19046,3949,20
2026-02-10 04:00:00+00:00,1.19045,1.19161,1.19028,1.19063,3811,20
2026-02-10 08:00:00+00:00,1.19063,1.19189,1.18986,1.19133,7566,20
2026-02-10 12:00:00+00:00,1.19134,1.19164,1.18876,1.19045,10214,20
2026-02-10 16:00:00+00:00,1.19047,1.1927699999999999,1.18922,1.18947,17509,20
2026-02-10 20:00:00+00:00,1.18948,1.19024,1.18859,1.18936,4865,20
2026-02-11 00:00:00+00:00,1.18934,1.1901,1.18855,1.18967,3683,20
2026-02-11 04:00:00+00:00,1.18967,1.1918199999999999,1.18967,1.19174,3953,20
2026-02-11 08:00:00+00:00,1.19174,1.19247,1.19092,1.19171,7694,20
2026-02-11 12:00:00+00:00,1.1917,1.19262,1.18319,1.18609,16466,19
2026-02-11 16:00:00+00:00,1.18608,1.18926,1.18502,1.18848,23794,19
2026-02-11 20:00:00+00:00,1.18849,1.18899,1.18676,1.18704,6069,19
2026-02-12 00:00:00+00:00,1.18699,1.18815,1.18642,1.18798,4228,19
2026-02-12 04:00:00+00:00,1.18796,1.18837,1.18573,1.18637,5061,19
2026-02-12 08:00:00+00:00,1.18637,1.18868,1.18513,1.1886,9251,19
2026-02-12 12:00:00+00:00,1.18861,1.18863,1.1865999999999999,1.1884000000000001,8335,19
2026-02-12 16:00:00+00:00,1.18841,1.18889,1.18591,1.18643,20068,19
2026-02-12 20:00:00+00:00,1.18644,1.18717,1.18553,1.18691,6610,19
2026-02-13 00:00:00+00:00,1.18686,1.18724,1.18619,1.18661,3929,19
2026-02-13 04:00:00+00:00,1.1865999999999999,1.18701,1.1857,1.18585,3482,19
2026-02-13 08:00:00+00:00,1.18584,1.18656,1.18461,1.18593,7353,19
2026-02-13 12:00:00+00:00,1.18593,1.18836,1.18519,1.18732,10721,19
2026-02-13 16:00:00+00:00,1.18731,1.18818,1.18468,1.18738,14929,19
2026-02-13 20:00:00+00:00,1.18741,1.18796,1.18635,1.18676,4693,19
2026-02-16 00:00:00+00:00,1.18654,1.1874500000000001,1.1858,1.18643,3997,19
2026-02-16 04:00:00+00:00,1.18642,1.1868,1.1859899999999999,1.18639,2544,19
2026-02-16 08:00:00+00:00,1.18639,1.1869399999999999,1.1856,1.18635,4952,19
2026-02-16 12:00:00+00:00,1.18634,1.18667,1.18481,1.18536,4471,19
2026-02-16 16:00:00+00:00,1.18536,1.18625,1.18453,1.18472,4346,19
2026-02-16 20:00:00+00:00,1.18472,1.18541,1.18472,1.18497,1042,19
2026-02-17 00:00:00+00:00,1.18498,1.18509,1.18399,1.18435,3117,19
2026-02-17 04:00:00+00:00,1.18433,1.18464,1.18347,1.18404,3144,19
2026-02-17 08:00:00+00:00,1.1840600000000001,1.1849,1.18278,1.18456,6075,19
2026-02-17 12:00:00+00:00,1.18456,1.18461,1.1815,1.18213,7569,19
2026-02-17 16:00:00+00:00,1.18212,1.18412,1.1804000000000001,1.18384,14253,19
2026-02-17 20:00:00+00:00,1.18386,1.18541,1.18378,1.1854,4423,19
2026-02-18 00:00:00+00:00,1.18539,1.18564,1.1841599999999999,1.18454,3006,19
2026-02-18 04:00:00+00:00,1.18454,1.18463,1.18383,1.18448,2272,19
2026-02-18 08:00:00+00:00,1.18449,1.18454,1.18275,1.18351,5537,19
2026-02-18 12:00:00+00:00,1.18351,1.18476,1.18227,1.18228,6159,19
2026-02-18 16:00:00+00:00,1.18229,1.18268,1.1801300000000001,1.18051,10765,20
2026-02-18 20:00:00+00:00,1.1804999999999999,1.18063,1.17808,1.17812,7987,20
2026-02-19 00:00:00+00:00,1.17813,1.1794,1.17808,1.17934,4515,22
2026-02-19 04:00:00+00:00,1.17934,1.17945,1.17835,1.17903,4966,22
2026-02-19 08:00:00+00:00,1.17904,1.18063,1.17887,1.17986,8113,22
2026-02-19 12:00:00+00:00,1.17986,1.18018,1.17502,1.17642,11221,22
2026-02-19 16:00:00+00:00,1.17643,1.1774499999999999,1.1741,1.17649,16122,20
2026-02-19 20:00:00+00:00,1.1764999999999999,1.1777199999999999,1.17582,1.17719,4926,20
2026-02-20 00:00:00+00:00,1.17718,1.1774499999999999,1.17542,1.1757900000000001,3862,20
2026-02-20 04:00:00+00:00,1.1757900000000001,1.17588,1.17492,1.17543,3892,20
2026-02-20 08:00:00+00:00,1.17544,1.1767,1.17424,1.17658,7149,20
2026-02-20 12:00:00+00:00,1.17661,1.17809,1.1756199999999999,1.17683,8042,20
2026-02-20 16:00:00+00:00,1.17682,1.18063,1.17543,1.17792,26933,20
2026-02-20 20:00:00+00:00,1.17791,1.1798,1.17758,1.17791,9740,20
2026-02-23 00:00:00+00:00,1.17898,1.18337,1.1788,1.18253,8224,20
2026-02-23 04:00:00+00:00,1.18253,1.18302,1.18141,1.18187,4361,20
2026-02-23 08:00:00+00:00,1.18186,1.1832799999999999,1.17992,1.17997,7563,20
2026-02-23 12:00:00+00:00,1.17998,1.18003,1.1773500000000001,1.17949,7901,20
2026-02-23 16:00:00+00:00,1.1795,1.18091,1.17872,1.17978,13483,20
2026-02-23 20:00:00+00:00,1.17977,1.18,1.17829,1.17837,4440,20
2026-02-24 00:00:00+00:00,1.17837,1.17954,1.17705,1.17808,4724,20
2026-02-24 04:00:00+00:00,1.17807,1.17844,1.17671,1.1779,3822,20
2026-02-24 08:00:00+00:00,1.17789,1.17922,1.17706,1.17868,9519,20
2026-02-24 12:00:00+00:00,1.17866,1.17901,1.17671,1.17712,7334,19
2026-02-24 16:00:00+00:00,1.17713,1.17893,1.1764999999999999,1.17846,11404,19
2026-02-24 20:00:00+00:00,1.17845,1.1785700000000001,1.17705,1.17709,4062,19
2026-02-25 00:00:00+00:00,1.17704,1.1781,1.17703,1.17774,3459,19
2026-02-25 04:00:00+00:00,1.17774,1.18046,1.1777199999999999,1.17999,6289,19
2026-02-25 08:00:00+00:00,1.18,1.1807,1.17846,1.17868,7085,19
2026-02-25 12:00:00+00:00,1.1786699999999999,1.17893,1.1770100000000001,1.17725,7121,19
2026-02-25 16:00:00+00:00,1.17725,1.18133,1.17722,1.18064,11810,19
2026-02-25 20:00:00+00:00,1.18065,1.18118,1.18018,1.18086,3908,19
2026-02-26 00:00:00+00:00,1.18087,1.18281,1.1799,1.18264,3968,19
2026-02-26 04:00:00+00:00,1.18263,1.1828,1.18116,1.18187,4815,19
2026-02-26 08:00:00+00:00,1.18188,1.18212,1.17958,1.17963,8056,19
2026-02-26 12:00:00+00:00,1.17961,1.18158,1.17923,1.18059,7008,19
2026-02-26 16:00:00+00:00,1.18058,1.18148,1.1773,1.17751,15969,19
2026-02-26 20:00:00+00:00,1.1775,1.18027,1.17731,1.17958,6097,19
2026-02-27 00:00:00+00:00,1.17959,1.18047,1.1788,1.1789100000000001,4850,19
2026-02-27 04:00:00+00:00,1.17892,1.18123,1.17892,1.18075,4330,19
2026-02-27 08:00:00+00:00,1.1807400000000001,1.18207,1.17919,1.17942,8345,19
2026-02-27 12:00:00+00:00,1.17943,1.18073,1.17895,1.17916,9688,19
2026-02-27 16:00:00+00:00,1.17917,1.1826,1.17899,1.18156,16903,19
2026-02-27 20:00:00+00:00,1.18157,1.18249,1.1810100000000001,1.1812,5890,19
2026-03-02 00:00:00+00:00,1.17706,1.17932,1.17551,1.1791,13437,19
2026-03-02 04:00:00+00:00,1.17909,1.17949,1.17651,1.17652,7093,19
2026-03-02 08:00:00+00:00,1.17652,1.17655,1.16971,1.17321,19249,19
2026-03-02 12:00:00+00:00,1.1732,1.17463,1.16946,1.16975,16019,19
2026-03-02 16:00:00+00:00,1.16975,1.17229,1.16708,1.17062,23546,19
2026-03-02 20:00:00+00:00,1.17061,1.1712500000000001,1.16775,1.16848,11644,19
2026-03-03 00:00:00+00:00,1.16831,1.17058,1.1681,1.16959,5913,19
2026-03-03 04:00:00+00:00,1.16959,1.16981,1.1663999999999999,1.16656,9758,19
2026-03-03 08:00:00+00:00,1.16656,1.16706,1.15975,1.16043,22209,19
2026-03-03 12:00:00+00:00,1.16043,1.16144,1.1581,1.15896,22921,19
2026-03-03 16:00:00+00:00,1.15895,1.1605,1.15292,1.15895,39477,19
2026-03-03 20:00:00+00:00,1.15893,1.16248,1.1589,1.16119,17167,19
2026-03-04 00:00:00+00:00,1.1612,1.16194,1.15737,1.15926,10257,19
2026-03-04 04:00:00+00:00,1.15927,1.16095,1.1586,1.15942,11805,19
2026-03-04 08:00:00+00:00,1.15941,1.16271,1.15887,1.16076,18528,19
2026-03-04 12:00:00+00:00,1.16076,1.16538,1.16076,1.16302,23613,19
2026-03-04 16:00:00+00:00,1.1630099999999999,1.16451,1.16156,1.16321,25165,19
2026-03-04 20:00:00+00:00,1.16321,1.16427,1.16224,1.16321,8904,19
2026-03-05 00:00:00+00:00,1.16314,1.16464,1.16243,1.16271,7941,19
2026-03-05 04:00:00+00:00,1.16269,1.16308,1.1593,1.1593499999999999,11190,19
2026-03-05 08:00:00+00:00,1.15936,1.16436,1.15804,1.16216,26892,19
2026-03-05 12:00:00+00:00,1.16216,1.16305,1.15889,1.15966,17683,19
2026-03-05 16:00:00+00:00,1.15965,1.16082,1.15578,1.15869,30906,19
2026-03-05 20:00:00+00:00,1.15869,1.16095,1.1569099999999999,1.16071,22606,19
2026-03-06 00:00:00+00:00,1.16067,1.16192,1.16021,1.1614,6041,19
2026-03-06 04:00:00+00:00,1.16139,1.16202,1.16045,1.16055,7476,19
2026-03-06 08:00:00+00:00,1.16056,1.16172,1.15707,1.15732,15307,19
2026-03-06 12:00:00+00:00,1.15733,1.15918,1.15494,1.15541,26515,19
2026-03-06 16:00:00+00:00,1.1554,1.16121,1.1545,1.15947,39824,19
2026-03-06 20:00:00+00:00,1.15947,1.16205,1.15919,1.16143,18431,19
2026-03-08 20:00:00+00:00,1.15426,1.15564,1.15426,1.15457,753,25
2026-03-09 00:00:00+00:00,1.15457,1.1550799999999999,1.1506,1.1508099999999999,22366,19
2026-03-09 04:00:00+00:00,1.15082,1.15706,1.15074,1.15665,20965,19
2026-03-09 08:00:00+00:00,1.15666,1.15722,1.15143,1.15529,35805,19
2026-03-09 12:00:00+00:00,1.1553,1.15868,1.15458,1.15749,32353,19
2026-03-09 16:00:00+00:00,1.15748,1.15983,1.15466,1.15775,31833,19
2026-03-09 20:00:00+00:00,1.1577600000000001,1.16365,1.15744,1.16357,19586,19
2026-03-10 00:00:00+00:00,1.16357,1.16445,1.16105,1.16188,16255,19
2026-03-10 04:00:00+00:00,1.16189,1.16258,1.16059,1.16194,10050,19
2026-03-10 08:00:00+00:00,1.16194,1.16627,1.16194,1.16504,19516,19
2026-03-10 12:00:00+00:00,1.16504,1.1652,1.16192,1.16313,26489,19
2026-03-10 16:00:00+00:00,1.16312,1.16663,1.16262,1.16442,24257,19
2026-03-10 20:00:00+00:00,1.16444,1.16449,1.16029,1.16079,21736,19
2026-03-11 00:00:00+00:00,1.16079,1.16271,1.16018,1.16258,8919,19
2026-03-11 04:00:00+00:00,1.16259,1.16351,1.16178,1.16319,7113,19
2026-03-11 08:00:00+00:00,1.1632,1.16445,1.15892,1.15911,21297,19
2026-03-11 12:00:00+00:00,1.15912,1.16106,1.15765,1.15907,24174,19
2026-03-11 16:00:00+00:00,1.15907,1.1611799999999999,1.15598,1.15702,29953,19
2026-03-11 20:00:00+00:00,1.15703,1.15753,1.15632,1.15719,6893,19
2026-03-12 00:00:00+00:00,1.15719,1.15722,1.1533,1.15497,8613,19
2026-03-12 04:00:00+00:00,1.15497,1.15533,1.15308,1.15385,7802,19
2026-03-12 08:00:00+00:00,1.1538599999999999,1.15603,1.15383,1.15586,11928,19
2026-03-12 12:00:00+00:00,1.15586,1.15653,1.15192,1.15251,18842,19
2026-03-12 16:00:00+00:00,1.15253,1.15322,1.151,1.15209,30140,19
2026-03-12 20:00:00+00:00,1.15208,1.15232,1.15085,1.1509,7621,19
2026-03-13 00:00:00+00:00,1.15095,1.15288,1.1509,1.15154,6464,19
2026-03-13 04:00:00+00:00,1.15155,1.15213,1.14989,1.14999,6678,19
2026-03-13 08:00:00+00:00,1.15,1.15024,1.14319,1.14523,18389,19
2026-03-13 12:00:00+00:00,1.14522,1.1489099999999999,1.14511,1.14773,23011,19
2026-03-13 16:00:00+00:00,1.14775,1.14838,1.14328,1.14412,26179,19
2026-03-13 20:00:00+00:00,1.14413,1.14418,1.1409799999999999,1.14144,8066,19
2026-03-15 20:00:00+00:00,1.14163,1.14275,1.14145,1.14212,354,36
2026-03-16 00:00:00+00:00,1.14207,1.14555,1.14178,1.14484,12210,19
2026-03-16 04:00:00+00:00,1.14484,1.1453,1.14321,1.14335,6726,19
2026-03-16 08:00:00+00:00,1.14336,1.14518,1.14131,1.14491,13919,19
2026-03-16 12:00:00+00:00,1.14491,1.14998,1.14466,1.14993,17736,19
2026-03-16 16:00:00+00:00,1.14992,1.15029,1.1476600000000001,1.14912,20422,19
2026-03-16 20:00:00+00:00,1.14912,1.1524,1.14912,1.15039,9789,19
2026-03-17 00:00:00+00:00,1.15045,1.15045,1.1485400000000001,1.1492,6649,19
2026-03-17 04:00:00+00:00,1.14923,1.1502,1.1477,1.14784,5184,19
2026-03-17 08:00:00+00:00,1.14785,1.15238,1.1465,1.15156,13728,19
2026-03-17 12:00:00+00:00,1.15154,1.15426,1.1503,1.15294,17276,19
2026-03-17 16:00:00+00:00,1.15295,1.15392,1.15172,1.15387,19072,19
2026-03-17 20:00:00+00:00,1.15388,1.15462,1.15255,1.15335,5491,19
2026-03-18 00:00:00+00:00,1.15333,1.15429,1.15311,1.15329,11074,19
2026-03-18 04:00:00+00:00,1.1533,1.15459,1.15311,1.15445,3741,19
2026-03-18 08:00:00+00:00,1.15444,1.15483,1.1516899999999999,1.1537600000000001,8414,19
2026-03-18 12:00:00+00:00,1.15377,1.15543,1.14897,1.15139,23146,19
2026-03-18 16:00:00+00:00,1.15139,1.15287,1.15017,1.15149,20920,19
2026-03-18 20:00:00+00:00,1.15148,1.1524,1.1448,1.14614,16879,19
2026-03-19 00:00:00+00:00,1.14626,1.14828,1.145,1.14751,9082,19
2026-03-19 04:00:00+00:00,1.14751,1.14903,1.14625,1.1465,7069,19
2026-03-19 08:00:00+00:00,1.14652,1.1487,1.1442,1.1479300000000001,24950,19
2026-03-19 12:00:00+00:00,1.14791,1.1526399999999999,1.14616,1.15164,33938,19
2026-03-19 16:00:00+00:00,1.15162,1.15667,1.14975,1.15592,38712,19
2026-03-19 20:00:00+00:00,1.15591,1.16151,1.15502,1.15798,18282,19
2026-03-20 00:00:00+00:00,1.15798,1.15937,1.15625,1.15642,7748,19
2026-03-20 04:00:00+00:00,1.15644,1.15671,1.15514,1.15514,4701,19
2026-03-20 08:00:00+00:00,1.15515,1.15797,1.15469,1.15478,15051,19
2026-03-20 12:00:00+00:00,1.15479,1.1579,1.1534200000000001,1.15402,22902,19
2026-03-20 16:00:00+00:00,1.15401,1.15696,1.15237,1.15568,32299,19
2026-03-20 20:00:00+00:00,1.15572,1.15707,1.15459,1.15697,14127,19
2026-03-22 20:00:00+00:00,1.15354,1.15401,1.1535199999999999,1.15367,164,27
2026-03-23 00:00:00+00:00,1.15387,1.15636,1.1537600000000001,1.15533,14701,19
2026-03-23 04:00:00+00:00,1.15534,1.15563,1.15331,1.15331,9082,19
2026-03-23 08:00:00+00:00,1.15331,1.15453,1.14901,1.1494,24872,19
2026-03-23 12:00:00+00:00,1.14937,1.16185,1.14834,1.15987,61140,19
2026-03-23 16:00:00+00:00,1.15989,1.16388,1.15755,1.16009,50486,19
2026-03-23 20:00:00+00:00,1.16011,1.16364,1.15909,1.16134,13779,19
2026-03-24 00:00:00+00:00,1.16135,1.16166,1.15774,1.15836,15688,19
2026-03-24 04:00:00+00:00,1.15835,1.15913,1.15748,1.15827,12082,19
2026-03-24 08:00:00+00:00,1.15826,1.16167,1.15777,1.15938,24267,19
2026-03-24 12:00:00+00:00,1.15939,1.15995,1.15663,1.15766,27317,19
2026-03-24 16:00:00+00:00,1.15765,1.1606,1.1556,1.1575,37252,19
2026-03-24 20:00:00+00:00,1.15751,1.16272,1.15667,1.16044,19898,19
2026-03-25 00:00:00+00:00,1.16079,1.16296,1.16033,1.1611,12863,19
2026-03-25 04:00:00+00:00,1.16112,1.1612,1.1588,1.15911,7539,19
2026-03-25 08:00:00+00:00,1.15911,1.16155,1.15859,1.15981,17380,19
2026-03-25 12:00:00+00:00,1.15982,1.16126,1.15706,1.1572,23311,19
2026-03-25 16:00:00+00:00,1.15721,1.15883,1.15543,1.15774,26997,19
2026-03-25 20:00:00+00:00,1.15774,1.158,1.1555,1.1558,8065,19
2026-03-26 00:00:00+00:00,1.1558,1.15659,1.15529,1.15634,5105,19
2026-03-26 04:00:00+00:00,1.15634,1.15716,1.15536,1.1556899999999999,5924,19
2026-03-26 08:00:00+00:00,1.15568,1.1566,1.15465,1.15586,12936,19
2026-03-26 12:00:00+00:00,1.15587,1.15641,1.15215,1.15412,16261,19
2026-03-26 16:00:00+00:00,1.1541299999999999,1.15541,1.15244,1.15248,23523,19
2026-03-26 20:00:00+00:00,1.15247,1.1558,1.15186,1.15297,11551,19
2026-03-27 00:00:00+00:00,1.15297,1.154,1.15234,1.15389,6994,19
2026-03-27 04:00:00+00:00,1.15395,1.15453,1.15328,1.154,5940,19
2026-03-27 08:00:00+00:00,1.15401,1.15428,1.15134,1.15183,11803,19
2026-03-27 12:00:00+00:00,1.15182,1.15319,1.15008,1.15228,15848,19
2026-03-27 16:00:00+00:00,1.15227,1.15469,1.15053,1.15115,24253,19
2026-03-27 20:00:00+00:00,1.15115,1.15198,1.15061,1.15092,7752,19
2026-03-30 00:00:00+00:00,1.14998,1.15118,1.14865,1.15058,8567,19
2026-03-30 04:00:00+00:00,1.15061,1.1520299999999999,1.15005,1.15126,7709,19
2026-03-30 08:00:00+00:00,1.15127,1.15191,1.14896,1.14951,10849,19
2026-03-30 12:00:00+00:00,1.14951,1.14994,1.1472,1.14818,14049,19
2026-03-30 16:00:00+00:00,1.14817,1.14869,1.14423,1.1459,19789,19
2026-03-30 20:00:00+00:00,1.1459,1.14652,1.14527,1.14635,8755,19
2026-03-31 00:00:00+00:00,1.14639,1.14752,1.1446,1.14737,7215,19
2026-03-31 04:00:00+00:00,1.14736,1.14898,1.14653,1.14679,8046,19
2026-03-31 08:00:00+00:00,1.1468099999999999,1.14748,1.14598,1.14661,9539,19
2026-03-31 12:00:00+00:00,1.14661,1.15089,1.14565,1.1502,15737,19
2026-03-31 16:00:00+00:00,1.15021,1.15585,1.14996,1.15393,33630,19
2026-03-31 20:00:00+00:00,1.15395,1.15625,1.15374,1.15515,20502,19
2026-04-01 00:00:00+00:00,1.15515,1.15778,1.1545,1.15735,5075,19
2026-04-01 04:00:00+00:00,1.15736,1.15746,1.15538,1.15643,7949,19
2026-04-01 08:00:00+00:00,1.15642,1.16096,1.1561,1.15951,20468,19
2026-04-01 12:00:00+00:00,1.15952,1.16226,1.15798,1.16036,17977,19
2026-04-01 16:00:00+00:00,1.16037,1.16263,1.15978,1.1618,24749,19
2026-04-01 20:00:00+00:00,1.16181,1.16225,1.15754,1.15866,9990,19
2026-04-02 00:00:00+00:00,1.1586400000000001,1.1596899999999999,1.15795,1.15946,5623,19
2026-04-02 04:00:00+00:00,1.15945,1.1604700000000001,1.15312,1.1536,19915,19
2026-04-02 08:00:00+00:00,1.1536,1.1538,1.1514199999999999,1.15243,12263,19
2026-04-02 12:00:00+00:00,1.15243,1.15309,1.15082,1.15236,10526,19
2026-04-02 16:00:00+00:00,1.15237,1.15631,1.1519300000000001,1.15382,29536,19
2026-04-02 20:00:00+00:00,1.15383,1.15483,1.1531,1.15372,8282,19
2026-04-03 00:00:00+00:00,1.15371,1.1544,1.15301,1.15371,2414,19
2026-04-03 04:00:00+00:00,1.15372,1.15389,1.15311,1.15328,2210,19
2026-04-03 08:00:00+00:00,1.15329,1.15453,1.15283,1.15421,2311,19
2026-04-03 12:00:00+00:00,1.1542,1.15479,1.1515900000000001,1.153,4910,19
2026-04-03 16:00:00+00:00,1.153,1.15375,1.15177,1.15179,6784,19
2026-04-03 20:00:00+00:00,1.15178,1.15286,1.15095,1.15123,4114,19
2026-04-06 00:00:00+00:00,1.15208,1.15222,1.15039,1.15107,8000,19
2026-04-06 04:00:00+00:00,1.15107,1.15277,1.15054,1.15233,7220,19
2026-04-06 08:00:00+00:00,1.15232,1.15678,1.1521,1.15543,10018,19
2026-04-06 12:00:00+00:00,1.15545,1.1559300000000001,1.15367,1.15524,9270,19
2026-04-06 16:00:00+00:00,1.15527,1.15707,1.15344,1.1544,16937,19
2026-04-06 20:00:00+00:00,1.15439,1.15515,1.15331,1.15393,11175,19
2026-04-07 00:00:00+00:00,1.15391,1.15466,1.15332,1.15365,3594,19
2026-04-07 04:00:00+00:00,1.15366,1.15392,1.15232,1.15373,5410,19
2026-04-07 08:00:00+00:00,1.15374,1.15746,1.15292,1.15725,13272,19
2026-04-07 12:00:00+00:00,1.15725,1.15744,1.1544699999999999,1.1559300000000001,18218,19
2026-04-07 16:00:00+00:00,1.15597,1.15824,1.1555,1.15704,21036,19
2026-04-07 20:00:00+00:00,1.15705,1.16041,1.1565400000000001,1.15926,16539,19
2026-04-08 00:00:00+00:00,1.15929,1.1696,1.15868,1.16707,31217,19
2026-04-08 04:00:00+00:00,1.16708,1.16873,1.1665,1.16753,16972,19
2026-04-08 08:00:00+00:00,1.16754,1.17076,1.16679,1.16801,23893,19
2026-04-08 12:00:00+00:00,1.16804,1.17171,1.16766,1.17132,18748,18
2026-04-08 16:00:00+00:00,1.17131,1.17208,1.1676199999999999,1.16808,27585,18
2026-04-08 20:00:00+00:00,1.16808,1.16844,1.16425,1.16599,13870,18
2026-04-09 00:00:00+00:00,1.16549,1.16667,1.1652,1.16562,4215,18
2026-04-09 04:00:00+00:00,1.16563,1.16702,1.16495,1.16654,6180,18
2026-04-09 08:00:00+00:00,1.16655,1.16739,1.16534,1.16712,9809,18
2026-04-09 12:00:00+00:00,1.16712,1.16892,1.16677,1.16851,9883,18
2026-04-09 16:00:00+00:00,1.16851,1.17132,1.16734,1.17097,20267,18
2026-04-09 20:00:00+00:00,1.17097,1.17226,1.1694499999999999,1.16964,9707,18
2026-04-10 00:00:00+00:00,1.16964,1.17017,1.16846,1.1687,3750,18
2026-04-10 04:00:00+00:00,1.16872,1.16957,1.16853,1.1691,4109,18
2026-04-10 08:00:00+00:00,1.16911,1.16927,1.16766,1.1685,6780,18
2026-04-10 12:00:00+00:00,1.16851,1.1724700000000001,1.16839,1.17199,12333,18
2026-04-10 16:00:00+00:00,1.17198,1.17386,1.17127,1.17196,17858,18
2026-04-10 20:00:00+00:00,1.17196,1.1734499999999999,1.17178,1.1722,7857,18
2026-04-13 00:00:00+00:00,1.16692,1.16867,1.16626,1.16867,9510,18
2026-04-13 04:00:00+00:00,1.16868,1.16892,1.1679599999999999,1.16852,5282,18
2026-04-13 08:00:00+00:00,1.16853,1.16992,1.16771,1.16852,9353,18
2026-04-13 12:00:00+00:00,1.16852,1.16988,1.16797,1.16975,9553,18
2026-04-13 16:00:00+00:00,1.16976,1.17306,1.16955,1.17242,18549,18
2026-04-13 20:00:00+00:00,1.17241,1.17645,1.17239,1.17572,9975,18
2026-04-14 00:00:00+00:00,1.17568,1.17671,1.17499,1.17654,3239,18
2026-04-14 04:00:00+00:00,1.17654,1.1769,1.17553,1.17659,3981,18
2026-04-14 08:00:00+00:00,1.17657,1.17959,1.17572,1.17818,11666,18
2026-04-14 12:00:00+00:00,1.17819,1.18052,1.1781,1.18036,12066,18
2026-04-14 16:00:00+00:00,1.18037,1.18103,1.17866,1.17932,16101,18
2026-04-14 20:00:00+00:00,1.17932,1.17986,1.17896,1.17933,6347,18
2026-04-15 00:00:00+00:00,1.17923,1.1801,1.17855,1.17932,4638,18
2026-04-15 04:00:00+00:00,1.17931,1.1796,1.17779,1.17877,4916,18
2026-04-15 08:00:00+00:00,1.17878,1.17985,1.17818,1.17884,9397,18
2026-04-15 12:00:00+00:00,1.17885,1.17919,1.1771099999999999,1.17872,13904,18
2026-04-15 16:00:00+00:00,1.17872,1.18071,1.17832,1.18,14035,18
2026-04-15 20:00:00+00:00,1.17999,1.18039,1.1791800000000001,1.17975,6789,18
2026-04-16 00:00:00+00:00,1.17978,1.18075,1.1795200000000001,1.18064,2573,18
2026-04-16 04:00:00+00:00,1.18061,1.18229,1.17959,1.18085,5590,18
2026-04-16 08:00:00+00:00,1.18086,1.18093,1.17755,1.17852,10030,18
2026-04-16 12:00:00+00:00,1.17851,1.17878,1.17716,1.1780599999999999,9372,18
2026-04-16 16:00:00+00:00,1.17807,1.17863,1.17661,1.17739,16564,18
2026-04-16 20:00:00+00:00,1.1774,1.17848,1.17672,1.17769,5972,18
2026-04-17 00:00:00+00:00,1.1776200000000001,1.17863,1.17727,1.17782,2948,18
2026-04-17 04:00:00+00:00,1.17781,1.17844,1.17722,1.17817,3930,18
2026-04-17 08:00:00+00:00,1.17816,1.17947,1.17713,1.17929,8178,18
2026-04-17 12:00:00+00:00,1.17929,1.18366,1.179,1.18344,12311,18
2026-04-17 16:00:00+00:00,1.18344,1.18483,1.17911,1.1797900000000001,27956,18
2026-04-17 20:00:00+00:00,1.17978,1.17978,1.17592,1.17632,12065,18
2026-04-20 00:00:00+00:00,1.17348,1.1756,1.1728,1.17536,7664,18
2026-04-20 04:00:00+00:00,1.17535,1.17616,1.17497,1.17583,5710,18
2026-04-20 08:00:00+00:00,1.17582,1.1771,1.17462,1.17602,13138,18
2026-04-20 12:00:00+00:00,1.17601,1.17746,1.17543,1.17641,8625,18
2026-04-20 16:00:00+00:00,1.17642,1.17886,1.17602,1.1785,18938,18
2026-04-20 20:00:00+00:00,1.1785,1.1789399999999999,1.17778,1.17868,6177,18
2026-04-21 00:00:00+00:00,1.17868,1.17901,1.17798,1.17819,3854,18
2026-04-21 04:00:00+00:00,1.17819,1.17852,1.17724,1.17746,4634,18
2026-04-21 08:00:00+00:00,1.17747,1.17813,1.1756,1.17643,10341,18
2026-04-21 12:00:00+00:00,1.17644,1.1767400000000001,1.17532,1.17584,9472,18
2026-04-21 16:00:00+00:00,1.17584,1.17751,1.17395,1.17407,16999,18
2026-04-21 20:00:00+00:00,1.1740599999999999,1.17626,1.17181,1.17378,21973,18
2026-04-22 00:00:00+00:00,1.1736900000000001,1.17504,1.17306,1.17429,3849,18
2026-04-22 04:00:00+00:00,1.17428,1.17475,1.17367,1.17386,4408,18
2026-04-22 08:00:00+00:00,1.17386,1.17618,1.17381,1.17527,9382,18
2026-04-22 12:00:00+00:00,1.1752799999999999,1.17565,1.17238,1.17267,9062,18
2026-04-22 16:00:00+00:00,1.17266,1.17423,1.1709,1.17118,15196,19
2026-04-22 20:00:00+00:00,1.17117,1.1716,1.17021,1.17032,6486,19
2026-04-23 00:00:00+00:00,1.17029,1.17126,1.16912,1.17105,5987,19
2026-04-23 04:00:00+00:00,1.17108,1.17119,1.16938,1.16991,7574,19
2026-04-23 08:00:00+00:00,1.16992,1.17109,1.16944,1.1700599999999999,8682,19
2026-04-23 12:00:00+00:00,1.17005,1.17013,1.16781,1.1691,14395,19
2026-04-23 16:00:00+00:00,1.1691,1.17155,1.16824,1.17012,15600,19
2026-04-23 20:00:00+00:00,1.17012,1.17017,1.1668,1.16817,20248,19
2026-04-24 00:00:00+00:00,1.16814,1.16875,1.16748,1.16843,3868,19
2026-04-24 04:00:00+00:00,1.16843,1.1688399999999999,1.16719,1.1678,5319,19
2026-04-24 08:00:00+00:00,1.16781,1.16949,1.16751,1.16888,7798,19
2026-04-24 12:00:00+00:00,1.16889,1.17175,1.1683,1.17078,12561,19
2026-04-24 16:00:00+00:00,1.17078,1.1718899999999999,1.16977,1.17182,17786,19
2026-04-24 20:00:00+00:00,1.17181,1.17222,1.17102,1.17193,6766,19
2026-04-27 00:00:00+00:00,1.16915,1.17161,1.16915,1.17151,3416,19
2026-04-27 04:00:00+00:00,1.1715200000000001,1.17315,1.1715200000000001,1.17257,6201,19
2026-04-27 08:00:00+00:00,1.17257,1.17499,1.17157,1.17475,7730,19
2026-04-27 12:00:00+00:00,1.17475,1.17539,1.1736900000000001,1.17435,8122,19
2026-04-27 16:00:00+00:00,1.17436,1.17531,1.17242,1.1724999999999999,12468,19
2026-04-27 20:00:00+00:00,1.17251,1.1729,1.1716199999999999,1.17167,4526,19
2026-04-28 00:00:00+00:00,1.17164,1.1726,1.17161,1.17179,2977,19
2026-04-28 04:00:00+00:00,1.17176,1.17178,1.17069,1.17114,5127,19
2026-04-28 08:00:00+00:00,1.17115,1.17124,1.16851,1.17011,9419,19
2026-04-28 12:00:00+00:00,1.17011,1.17011,1.16764,1.16959,12142,19
2026-04-28 16:00:00+00:00,1.1696,1.1716,1.16876,1.17095,16604,19
2026-04-28 20:00:00+00:00,1.17095,1.17167,1.17055,1.17096,5336,19
2026-04-29 00:00:00+00:00,1.17087,1.17196,1.1702,1.17146,2199,19
2026-04-29 04:00:00+00:00,1.17147,1.17158,1.17035,1.17046,5723,19
2026-04-29 08:00:00+00:00,1.17044,1.17072,1.16927,1.16992,7860,19
2026-04-29 12:00:00+00:00,1.16991,1.17087,1.16925,1.16981,8746,19
2026-04-29 16:00:00+00:00,1.1698,1.17031,1.16814,1.16837,17556,19
2026-04-29 20:00:00+00:00,1.16836,1.16896,1.16602,1.16756,15385,19
2026-04-30 00:00:00+00:00,1.1676,1.16886,1.16678,1.16783,5587,19
2026-04-30 04:00:00+00:00,1.16782,1.16808,1.1654,1.16591,8314,19
2026-04-30 08:00:00+00:00,1.16594,1.16966,1.16568,1.16788,12817,19
2026-04-30 12:00:00+00:00,1.16787,1.1718600000000001,1.16722,1.16917,29745,19
2026-04-30 16:00:00+00:00,1.1691799999999999,1.17348,1.16808,1.17245,26123,19
2026-04-30 20:00:00+00:00,1.1724700000000001,1.17407,1.1721,1.17285,9986,19
2026-05-01 00:00:00+00:00,1.17277,1.17348,1.17231,1.17266,4785,19
2026-05-01 04:00:00+00:00,1.17267,1.17354,1.17241,1.17257,4997,19
2026-05-01 08:00:00+00:00,1.17257,1.1747,1.17178,1.17425,13053,19
2026-05-01 12:00:00+00:00,1.17426,1.17679,1.17298,1.17566,12207,19
2026-05-01 16:00:00+00:00,1.17565,1.17842,1.17368,1.17373,21406,19
2026-05-01 20:00:00+00:00,1.17371,1.17394,1.17135,1.17148,7448,19
